-- phpMyAdmin SQL Dump
-- version 5.0.2
-- https://www.phpmyadmin.net/
--
-- Servidor: 127.0.0.1
-- Tiempo de generación: 03-12-2020 a las 05:10:11
-- Versión del servidor: 10.4.14-MariaDB
-- Versión de PHP: 7.2.33

SET SQL_MODE = "NO_AUTO_VALUE_ON_ZERO";
START TRANSACTION;
SET time_zone = "+00:00";


/*!40101 SET @OLD_CHARACTER_SET_CLIENT=@@CHARACTER_SET_CLIENT */;
/*!40101 SET @OLD_CHARACTER_SET_RESULTS=@@CHARACTER_SET_RESULTS */;
/*!40101 SET @OLD_COLLATION_CONNECTION=@@COLLATION_CONNECTION */;
/*!40101 SET NAMES utf8mb4 */;

--
-- Base de datos: `cepuns`
--

-- --------------------------------------------------------

--
-- Estructura de tabla para la tabla `alumn`
--

CREATE TABLE `alumn` (
  `id` int(11) NOT NULL,
  `image` varchar(50) COLLATE utf8_bin NOT NULL,
  `name` varchar(50) COLLATE utf8_bin NOT NULL,
  `lastname` varchar(50) COLLATE utf8_bin NOT NULL,
  `email` varchar(255) COLLATE utf8_bin NOT NULL,
  `address` varchar(60) COLLATE utf8_bin NOT NULL,
  `phone` varchar(60) COLLATE utf8_bin NOT NULL,
  `c1_fullname` varchar(100) COLLATE utf8_bin DEFAULT NULL,
  `c1_address` varchar(100) COLLATE utf8_bin DEFAULT NULL,
  `c1_phone` varchar(100) COLLATE utf8_bin DEFAULT NULL,
  `c1_note` varchar(100) COLLATE utf8_bin DEFAULT NULL,
  `c2_fullname` varchar(100) COLLATE utf8_bin DEFAULT NULL,
  `c2_address` varchar(100) COLLATE utf8_bin DEFAULT NULL,
  `c2_phone` varchar(100) COLLATE utf8_bin DEFAULT NULL,
  `c2_note` varchar(100) COLLATE utf8_bin DEFAULT NULL,
  `is_active` tinyint(1) NOT NULL DEFAULT 1,
  `created_at` datetime DEFAULT NULL,
  `user_id` int(11) NOT NULL
) ENGINE=InnoDB DEFAULT CHARSET=utf8 COLLATE=utf8_bin;

--
-- Volcado de datos para la tabla `alumn`
--

INSERT INTO `alumn` (`id`, `image`, `name`, `lastname`, `email`, `address`, `phone`, `c1_fullname`, `c1_address`, `c1_phone`, `c1_note`, `c2_fullname`, `c2_address`, `c2_phone`, `c2_note`, `is_active`, `created_at`, `user_id`) VALUES
(28, '1606786260.jpg', 'JONAS', 'DUARTE', 'jonasdu@gmail.com', 'CHIMBOTE', '986321457', '', '', '', '', NULL, NULL, NULL, NULL, 1, NULL, 3),
(29, '1606928893.jpg', 'CARLOS', 'LOARTE', 'carlosloarte@uns.edu.pe', 'CASMA', '986521473', '', '', '', '', NULL, NULL, NULL, NULL, 1, NULL, 3);

-- --------------------------------------------------------

--
-- Estructura de tabla para la tabla `alumn_team`
--

CREATE TABLE `alumn_team` (
  `id` int(11) NOT NULL,
  `alumn_id` int(11) NOT NULL,
  `team_id` int(11) NOT NULL
) ENGINE=InnoDB DEFAULT CHARSET=utf8 COLLATE=utf8_bin;

--
-- Volcado de datos para la tabla `alumn_team`
--

INSERT INTO `alumn_team` (`id`, `alumn_id`, `team_id`) VALUES
(17, 28, 10),
(18, 29, 10);

-- --------------------------------------------------------

--
-- Estructura de tabla para la tabla `assistance`
--

CREATE TABLE `assistance` (
  `id` int(11) NOT NULL,
  `kind_id` int(11) DEFAULT NULL,
  `date_at` date NOT NULL,
  `alumn_id` int(11) NOT NULL,
  `team_id` int(11) NOT NULL
) ENGINE=InnoDB DEFAULT CHARSET=utf8 COLLATE=utf8_bin;

--
-- Volcado de datos para la tabla `assistance`
--

INSERT INTO `assistance` (`id`, `kind_id`, `date_at`, `alumn_id`, `team_id`) VALUES
(14, 1, '2020-11-30', 28, 10);

-- --------------------------------------------------------

--
-- Estructura de tabla para la tabla `behavior`
--

CREATE TABLE `behavior` (
  `id` int(11) NOT NULL,
  `kind_id` int(11) DEFAULT NULL,
  `date_at` date NOT NULL,
  `alumn_id` int(11) NOT NULL,
  `team_id` int(11) NOT NULL
) ENGINE=InnoDB DEFAULT CHARSET=utf8 COLLATE=utf8_bin;

-- --------------------------------------------------------

--
-- Estructura de tabla para la tabla `block`
--

CREATE TABLE `block` (
  `id` int(11) NOT NULL,
  `name` varchar(100) COLLATE utf8_bin DEFAULT NULL,
  `team_id` int(11) NOT NULL
) ENGINE=InnoDB DEFAULT CHARSET=utf8 COLLATE=utf8_bin;

-- --------------------------------------------------------

--
-- Estructura de tabla para la tabla `calification`
--

CREATE TABLE `calification` (
  `id` int(11) NOT NULL,
  `val` double DEFAULT NULL,
  `alumn_id` int(11) NOT NULL,
  `block_id` int(11) NOT NULL
) ENGINE=InnoDB DEFAULT CHARSET=utf8 COLLATE=utf8_bin;

-- --------------------------------------------------------

--
-- Estructura de tabla para la tabla `events`
--

CREATE TABLE `events` (
  `id` int(11) NOT NULL,
  `title` varchar(255) NOT NULL,
  `color` varchar(7) DEFAULT NULL,
  `start` datetime NOT NULL,
  `end` datetime DEFAULT NULL
) ENGINE=InnoDB DEFAULT CHARSET=utf8;

--
-- Volcado de datos para la tabla `events`
--

INSERT INTO `events` (`id`, `title`, `color`, `start`, `end`) VALUES
(1, 'Evento Azul', '#0071c5', '2017-08-01 00:00:00', '2017-08-02 00:00:00'),
(2, 'Eventos 2', '#40E0D0', '2017-08-02 00:00:00', '2017-08-03 00:00:00'),
(3, 'Doble click para editar evento', '#008000', '2017-08-03 00:00:00', '2017-08-07 00:00:00');

-- --------------------------------------------------------

--
-- Estructura de tabla para la tabla `permiso`
--

CREATE TABLE `permiso` (
  `idpermiso` int(11) NOT NULL,
  `nombre` varchar(30) NOT NULL
) ENGINE=InnoDB DEFAULT CHARSET=utf8;

--
-- Volcado de datos para la tabla `permiso`
--

INSERT INTO `permiso` (`idpermiso`, `nombre`) VALUES
(1, 'Escritorio'),
(2, 'Grupos'),
(3, 'Acceso');

-- --------------------------------------------------------

--
-- Estructura de tabla para la tabla `team`
--

CREATE TABLE `team` (
  `idgrupo` int(11) NOT NULL,
  `nombre` varchar(50) COLLATE utf8_bin NOT NULL,
  `favorito` tinyint(1) NOT NULL,
  `idusuario` int(11) NOT NULL
) ENGINE=InnoDB DEFAULT CHARSET=utf8 COLLATE=utf8_bin;

--
-- Volcado de datos para la tabla `team`
--

INSERT INTO `team` (`idgrupo`, `nombre`, `favorito`, `idusuario`) VALUES
(10, 'AULA   A1', 0, 3),
(11, 'AULA  A2', 0, 3),
(12, 'AULA   A3', 0, 3),
(13, 'AULA  B1', 0, 4),
(14, 'AULA  B2', 0, 4),
(15, 'AULA  B3', 0, 4),
(16, 'AULA  C1', 0, 5),
(17, 'AULA C2', 0, 5),
(18, 'AULA  C3', 0, 5);

-- --------------------------------------------------------

--
-- Estructura de tabla para la tabla `usuario`
--

CREATE TABLE `usuario` (
  `idusuario` int(11) NOT NULL,
  `nombre` varchar(100) NOT NULL,
  `tipo_documento` varchar(20) NOT NULL,
  `num_documento` varchar(20) NOT NULL,
  `direccion` varchar(70) DEFAULT NULL,
  `telefono` varchar(20) DEFAULT NULL,
  `email` varchar(50) DEFAULT NULL,
  `cargo` varchar(20) DEFAULT NULL,
  `login` varchar(20) NOT NULL,
  `clave` varchar(64) NOT NULL,
  `imagen` varchar(50) NOT NULL,
  `condicion` tinyint(4) NOT NULL DEFAULT 1
) ENGINE=InnoDB DEFAULT CHARSET=utf8;

--
-- Volcado de datos para la tabla `usuario`
--

INSERT INTO `usuario` (`idusuario`, `nombre`, `tipo_documento`, `num_documento`, `direccion`, `telefono`, `email`, `cargo`, `login`, `clave`, `imagen`, `condicion`) VALUES
(1, 'Admin', 'DNI', '72154871', 'Calle los alpes 210', '547821', 'admin@gmail.com', 'Administrador', 'admin', 'a28afee6f5a910570f127dd79a72e275609b74a5ef6ec096a989b39f8e56fcec', '1535417472.jpg', 1),
(3, 'Ricardo AV', 'DNI', '70198602', 'carretera casma huaraz kilometro 33', '986326548', '201414034@uns.edu.pe', 'Administrador', 'Ricardo', '65304dac3823069673aa9d3b90dcb9f44938e2d12f58509addc915d08922b64b', '', 1),
(4, 'Gerson Yarleque', 'DNI', '98456782', 'Chimbote', '986532548', '201514042@uns.edu.pe', 'Auxiliar', 'Gerson', '7c00f9216a928bdb4d25eee60d5d6b8a54445b8f2bf65139ab6b1cd62376458f', '', 1),
(5, 'Luis Obregon', 'DNI', '85649857', 'CHIMBOTE', '9566321458', '201714014@uns.edu.pe', 'Auxiliar', 'Luis', 'ec4db3c48af2310bb40299276fd03a0748927b5bdc17ddcf23cce0852d24371e', '', 1);

-- --------------------------------------------------------

--
-- Estructura de tabla para la tabla `usuario_permiso`
--

CREATE TABLE `usuario_permiso` (
  `idusuario_permiso` int(11) NOT NULL,
  `idusuario` int(11) NOT NULL,
  `idpermiso` int(11) NOT NULL
) ENGINE=InnoDB DEFAULT CHARSET=utf8;

--
-- Volcado de datos para la tabla `usuario_permiso`
--

INSERT INTO `usuario_permiso` (`idusuario_permiso`, `idusuario`, `idpermiso`) VALUES
(1, 1, 1),
(2, 1, 2),
(3, 1, 3),
(27, 3, 1),
(28, 3, 2),
(29, 3, 3),
(30, 4, 1),
(31, 4, 2),
(34, 5, 1),
(35, 5, 2);

--
-- Índices para tablas volcadas
--

--
-- Indices de la tabla `alumn`
--
ALTER TABLE `alumn`
  ADD PRIMARY KEY (`id`),
  ADD KEY `user_id` (`user_id`) USING BTREE;

--
-- Indices de la tabla `alumn_team`
--
ALTER TABLE `alumn_team`
  ADD PRIMARY KEY (`id`),
  ADD KEY `alumn_id` (`alumn_id`),
  ADD KEY `team_id` (`team_id`);

--
-- Indices de la tabla `assistance`
--
ALTER TABLE `assistance`
  ADD PRIMARY KEY (`id`),
  ADD KEY `alumn_id` (`alumn_id`),
  ADD KEY `team_id` (`team_id`);

--
-- Indices de la tabla `behavior`
--
ALTER TABLE `behavior`
  ADD PRIMARY KEY (`id`),
  ADD KEY `alumn_id` (`alumn_id`),
  ADD KEY `team_id` (`team_id`);

--
-- Indices de la tabla `block`
--
ALTER TABLE `block`
  ADD PRIMARY KEY (`id`),
  ADD KEY `team_id` (`team_id`);

--
-- Indices de la tabla `calification`
--
ALTER TABLE `calification`
  ADD PRIMARY KEY (`id`),
  ADD KEY `alumn_id` (`alumn_id`),
  ADD KEY `block_id` (`block_id`);

--
-- Indices de la tabla `events`
--
ALTER TABLE `events`
  ADD PRIMARY KEY (`id`);

--
-- Indices de la tabla `permiso`
--
ALTER TABLE `permiso`
  ADD PRIMARY KEY (`idpermiso`);

--
-- Indices de la tabla `team`
--
ALTER TABLE `team`
  ADD PRIMARY KEY (`idgrupo`),
  ADD KEY `team_ibfk_1` (`idusuario`);

--
-- Indices de la tabla `usuario`
--
ALTER TABLE `usuario`
  ADD PRIMARY KEY (`idusuario`),
  ADD UNIQUE KEY `login_UNIQUE` (`login`);

--
-- Indices de la tabla `usuario_permiso`
--
ALTER TABLE `usuario_permiso`
  ADD PRIMARY KEY (`idusuario_permiso`),
  ADD KEY `fk_u_permiso_usuario_idx` (`idusuario`),
  ADD KEY `fk_usuario_permiso_idx` (`idpermiso`);

--
-- AUTO_INCREMENT de las tablas volcadas
--

--
-- AUTO_INCREMENT de la tabla `alumn`
--
ALTER TABLE `alumn`
  MODIFY `id` int(11) NOT NULL AUTO_INCREMENT, AUTO_INCREMENT=30;

--
-- AUTO_INCREMENT de la tabla `alumn_team`
--
ALTER TABLE `alumn_team`
  MODIFY `id` int(11) NOT NULL AUTO_INCREMENT, AUTO_INCREMENT=19;

--
-- AUTO_INCREMENT de la tabla `assistance`
--
ALTER TABLE `assistance`
  MODIFY `id` int(11) NOT NULL AUTO_INCREMENT, AUTO_INCREMENT=15;

--
-- AUTO_INCREMENT de la tabla `behavior`
--
ALTER TABLE `behavior`
  MODIFY `id` int(11) NOT NULL AUTO_INCREMENT, AUTO_INCREMENT=4;

--
-- AUTO_INCREMENT de la tabla `block`
--
ALTER TABLE `block`
  MODIFY `id` int(11) NOT NULL AUTO_INCREMENT, AUTO_INCREMENT=7;

--
-- AUTO_INCREMENT de la tabla `calification`
--
ALTER TABLE `calification`
  MODIFY `id` int(11) NOT NULL AUTO_INCREMENT, AUTO_INCREMENT=11;

--
-- AUTO_INCREMENT de la tabla `events`
--
ALTER TABLE `events`
  MODIFY `id` int(11) NOT NULL AUTO_INCREMENT, AUTO_INCREMENT=4;

--
-- AUTO_INCREMENT de la tabla `permiso`
--
ALTER TABLE `permiso`
  MODIFY `idpermiso` int(11) NOT NULL AUTO_INCREMENT, AUTO_INCREMENT=9;

--
-- AUTO_INCREMENT de la tabla `team`
--
ALTER TABLE `team`
  MODIFY `idgrupo` int(11) NOT NULL AUTO_INCREMENT, AUTO_INCREMENT=19;

--
-- AUTO_INCREMENT de la tabla `usuario`
--
ALTER TABLE `usuario`
  MODIFY `idusuario` int(11) NOT NULL AUTO_INCREMENT, AUTO_INCREMENT=6;

--
-- AUTO_INCREMENT de la tabla `usuario_permiso`
--
ALTER TABLE `usuario_permiso`
  MODIFY `idusuario_permiso` int(11) NOT NULL AUTO_INCREMENT, AUTO_INCREMENT=36;

--
-- Restricciones para tablas volcadas
--

--
-- Filtros para la tabla `alumn`
--
ALTER TABLE `alumn`
  ADD CONSTRAINT `alumn_ibfk_1` FOREIGN KEY (`user_id`) REFERENCES `usuario` (`idusuario`);

--
-- Filtros para la tabla `alumn_team`
--
ALTER TABLE `alumn_team`
  ADD CONSTRAINT `alumn_team_ibfk_1` FOREIGN KEY (`alumn_id`) REFERENCES `alumn` (`id`),
  ADD CONSTRAINT `alumn_team_ibfk_2` FOREIGN KEY (`team_id`) REFERENCES `team` (`idgrupo`);

--
-- Filtros para la tabla `assistance`
--
ALTER TABLE `assistance`
  ADD CONSTRAINT `assistance_ibfk_1` FOREIGN KEY (`alumn_id`) REFERENCES `alumn` (`id`),
  ADD CONSTRAINT `assistance_ibfk_2` FOREIGN KEY (`team_id`) REFERENCES `team` (`idgrupo`);

--
-- Filtros para la tabla `behavior`
--
ALTER TABLE `behavior`
  ADD CONSTRAINT `behavior_ibfk_1` FOREIGN KEY (`alumn_id`) REFERENCES `alumn` (`id`),
  ADD CONSTRAINT `behavior_ibfk_2` FOREIGN KEY (`team_id`) REFERENCES `team` (`idgrupo`);

--
-- Filtros para la tabla `block`
--
ALTER TABLE `block`
  ADD CONSTRAINT `block_ibfk_1` FOREIGN KEY (`team_id`) REFERENCES `team` (`idgrupo`);

--
-- Filtros para la tabla `calification`
--
ALTER TABLE `calification`
  ADD CONSTRAINT `calification_ibfk_1` FOREIGN KEY (`alumn_id`) REFERENCES `alumn` (`id`),
  ADD CONSTRAINT `calification_ibfk_2` FOREIGN KEY (`block_id`) REFERENCES `block` (`id`);

--
-- Filtros para la tabla `team`
--
ALTER TABLE `team`
  ADD CONSTRAINT `team_ibfk_1` FOREIGN KEY (`idusuario`) REFERENCES `usuario` (`idusuario`);

--
-- Filtros para la tabla `usuario_permiso`
--
ALTER TABLE `usuario_permiso`
  ADD CONSTRAINT `fk_u_permiso_usuario` FOREIGN KEY (`idusuario`) REFERENCES `usuario` (`idusuario`) ON DELETE NO ACTION ON UPDATE NO ACTION,
  ADD CONSTRAINT `fk_usuario_permiso` FOREIGN KEY (`idpermiso`) REFERENCES `permiso` (`idpermiso`) ON DELETE NO ACTION ON UPDATE NO ACTION;
COMMIT;

/*!40101 SET CHARACTER_SET_CLIENT=@OLD_CHARACTER_SET_CLIENT */;
/*!40101 SET CHARACTER_SET_RESULTS=@OLD_CHARACTER_SET_RESULTS */;
/*!40101 SET COLLATION_CONNECTION=@OLD_COLLATION_CONNECTION */;
